{
  "0": {
    "precision": 0.9181457431457432,
    "recall": 1.0,
    "f1-score": 0.9573263621146866,
    "support": 127255.0
  },
  "1": {
    "precision": 0.0,
    "recall": 0.0,
    "f1-score": 0.0,
    "support": 1307.0
  },
  "2": {
    "precision": 0.0,
    "recall": 0.0,
    "f1-score": 0.0,
    "support": 1449.0
  },
  "3": {
    "precision": 0.0,
    "recall": 0.0,
    "f1-score": 0.0,
    "support": 1278.0
  },
  "4": {
    "precision": 0.0,
    "recall": 0.0,
    "f1-score": 0.0,
    "support": 906.0
  },
  "5": {
    "precision": 0.0,
    "recall": 0.0,
    "f1-score": 0.0,
    "support": 564.0
  },
  "6": {
    "precision": 0.0,
    "recall": 0.0,
    "f1-score": 0.0,
    "support": 561.0
  },
  "7": {
    "precision": 0.0,
    "recall": 0.0,
    "f1-score": 0.0,
    "support": 2641.0
  },
  "8": {
    "precision": 0.0,
    "recall": 0.0,
    "f1-score": 0.0,
    "support": 2361.0
  },
  "9": {
    "precision": 0.0,
    "recall": 0.0,
    "f1-score": 0.0,
    "support": 278.0
  },
  "accuracy": 0.9181457431457432,
  "macro avg": {
    "precision": 0.09181457431457432,
    "recall": 0.1,
    "f1-score": 0.09573263621146866,
    "support": 138600.0
  },
  "weighted avg": {
    "precision": 0.842991605656649,
    "recall": 0.9181457431457432,
    "f1-score": 0.8789651241767997,
    "support": 138600.0
  }
}