{
  "0": {
    "precision": 0.96811428752636,
    "recall": 0.4798082590075046,
    "f1-score": 0.6416216557029066,
    "support": 127255.0
  },
  "1": {
    "precision": 0.2641255605381166,
    "recall": 0.4506503442999235,
    "f1-score": 0.33305060785976814,
    "support": 1307.0
  },
  "2": {
    "precision": 0.05338078291814947,
    "recall": 0.020703933747412008,
    "f1-score": 0.029835902536051714,
    "support": 1449.0
  },
  "3": {
    "precision": 0.017857142857142856,
    "recall": 0.003129890453834116,
    "f1-score": 0.005326231691078562,
    "support": 1278.0
  },
  "4": {
    "precision": 0.008609060733285842,
    "recall": 0.6269315673289183,
    "f1-score": 0.01698488405125368,
    "support": 906.0
  },
  "5": {
    "precision": 1.0,
    "recall": 0.005319148936170213,
    "f1-score": 0.010582010582010581,
    "support": 564.0
  },
  "6": {
    "precision": 0.0,
    "recall": 0.0,
    "f1-score": 0.0,
    "support": 561.0
  },
  "7": {
    "precision": 0.7599457504520796,
    "recall": 0.636501325255585,
    "f1-score": 0.6927673603956316,
    "support": 2641.0
  },
  "8": {
    "precision": 0.2789729354614851,
    "recall": 0.5108005082592122,
    "f1-score": 0.3608617594254937,
    "support": 2361.0
  },
  "9": {
    "precision": 0.0,
    "recall": 0.0,
    "f1-score": 0.0,
    "support": 278.0
  },
  "accuracy": 0.469978354978355,
  "macro avg": {
    "precision": 0.33510055204866196,
    "recall": 0.27338449772885604,
    "f1-score": 0.20910304122441942,
    "support": 138600.0
  },
  "weighted avg": {
    "precision": 0.915441829627727,
    "recall": 0.469978354978355,
    "f1-score": 0.6121056988423462,
    "support": 138600.0
  }
}